user_id,age,watched,wishlist,preferred_genres,disliked_genres,preferred_languages,disliked_languages,preferred_directors,preferred_writers,preferred_stars,preferred_countries,preferred_subgenres,preferred_pace,preferred_complexity,preferred_violence,preferred_humor,preferred_psychological_intensity,preferred_emotional_tones,preferred_themes,preferred_audience,preferred_eras,preferred_popularity
ana,25,tt0087469,tt0372784,Action|Adventure,Horror,English,,Christopher Nolan,Bob Kane,Christian Bale,United States,Action Epic,fast,medium,medium,medium,medium,exciting,justice|exploration,mainstream,modern,very_popular
bruno,32,tt7798634,tt0054215,Horror|Mystery|Thriller,Musical,English,,Alfred Hitchcock,Joseph Stefano,Anthony Perkins,United States,Psychological Horror,fast,high,high,low,high,dark|tense,psychology|crime,mainstream,modern,popular
carla,29,tt0456481,tt1583420,Comedy|Romance,Horror|War,English|French,,Tom Hanks,Tom Hanks,Tom Hanks,United States,Romantic Comedy,medium,low|medium,low,high,low,lighthearted|romantic,love,niche,modern,less_popular
diogo,12,tt0087469,tt2510894,Animation|Family|Fantasy,Horror,English,,Genndy Tartakovsky,Robert Smigel,Adam Sandler,United States,Computer Animation,medium|fast,low,low,high,low,lighthearted,family|supernatural,niche,modern,less_popular
eva,41,tt0067961,tt1360860,Drama|Mystery,Slapstick,Persian|French|English,,Asghar Farhadi,Asghar Farhadi,Taraneh Alidoosti,Iran,Psychological Drama,slow,high,low|medium,low,high,reflective|sad,psychology|growing_up,niche,classic|recent,less_popular
filipe,35,tt0372784,tt15097216,Crime|Drama,Horror,Tamil|English,,TJ Gnanavel,TJ Gnanavel,Suriya,India,Legal Drama,medium,high,medium,low,medium|high,reflective|tense,justice|crime,niche,modern,less_popular
ines,19,tt2510894,tt0870154,Adventure|Fantasy|Comedy,Horror,English|Portuguese,,Jaume ColletSerra,Michael Green,Dwayne Johnson,United States,HighConcept Comedy,fast,medium,medium,high,medium,exciting|lighthearted,exploration|supernatural,niche,modern,less_popular
joao,58,tt0082247,tt0067500,Western|Adventure|War,Horror,English|Spanish,,Amando de Ossorio,Amando de Ossorio,Lone Fleming,Spain,Wuxia,fast|medium,medium,high,low,medium,exciting|romantic,war|love,niche,classic|modern,less_popular
mariana,22,tt5883570,tt0105793,Comedy|Music|Musical,Horror,English|Hindi,German,Penelope Spheeris,Mike Myers,Mike Myers,United States,Buddy Comedy,medium,low|medium,low,high,low,lighthearted,music,niche,recent,less_popular
tiago,46,tt0062639,tt0064451,Action|Thriller|Drama,Musical,Mandarin|French,English,King Hu,Songling Pu,Feng Hsu,Taiwan,Wuxia,fast,medium|high,medium,low,medium|high,tense|reflective,exploration|psychology,niche,modern,less_popular
